-- phpMyAdmin SQL Dump
-- version 4.8.3
-- https://www.phpmyadmin.net/
--
-- Host: 127.0.0.1
-- Generation Time: Apr 06, 2019 at 02:13 PM
-- Server version: 10.1.35-MariaDB
-- PHP Version: 7.2.9

SET SQL_MODE = "NO_AUTO_VALUE_ON_ZERO";
SET AUTOCOMMIT = 0;
START TRANSACTION;
SET time_zone = "+00:00";


/*!40101 SET @OLD_CHARACTER_SET_CLIENT=@@CHARACTER_SET_CLIENT */;
/*!40101 SET @OLD_CHARACTER_SET_RESULTS=@@CHARACTER_SET_RESULTS */;
/*!40101 SET @OLD_COLLATION_CONNECTION=@@COLLATION_CONNECTION */;
/*!40101 SET NAMES utf8mb4 */;

--
-- Database: `check`
--

-- --------------------------------------------------------

--
-- Table structure for table `1111`
--

CREATE TABLE `1111` (
  `ItName` varchar(255) DEFAULT NULL,
  `19.03.2019` float NOT NULL
) ENGINE=InnoDB DEFAULT CHARSET=latin1;

--
-- Dumping data for table `1111`
--

INSERT INTO `1111` (`ItName`, `19.03.2019`) VALUES
('bajji', 10),
('chickenkulambu', 0),
('eggkulambu', 0),
('kaarakulambu', 0),
('lemonrice', 0),
('pongal', 0),
('ravakichadi', 0),
('sambarkulambu', 0),
('tamarindrice', 0),
('tea', 0),
('tomatorice', 0),
('vadai', 0),
('vegetablebriyani', 0);

-- --------------------------------------------------------

--
-- Table structure for table `12344`
--

CREATE TABLE `12344` (
  `ItName` varchar(255) DEFAULT NULL,
  `19.03.2019` float NOT NULL
) ENGINE=InnoDB DEFAULT CHARSET=latin1;

--
-- Dumping data for table `12344`
--

INSERT INTO `12344` (`ItName`, `19.03.2019`) VALUES
('bajji', 0),
('chickenkulambu', 0),
('eggkulambu', 0),
('kaarakulambu', 0),
('lemonrice', 76),
('pongal', 0),
('ravakichadi', 0),
('sambarkulambu', 0),
('tamarindrice', 0),
('tea', 670),
('tomatorice', 0),
('vadai', 0),
('vegetablebriyani', 0);

-- --------------------------------------------------------

--
-- Table structure for table `123456`
--

CREATE TABLE `123456` (
  `ItName` varchar(255) DEFAULT NULL,
  `18.03.2019` float NOT NULL,
  `19.03.2019` float NOT NULL
) ENGINE=InnoDB DEFAULT CHARSET=latin1;

--
-- Dumping data for table `123456`
--

INSERT INTO `123456` (`ItName`, `18.03.2019`, `19.03.2019`) VALUES
('bajji', 0, 0),
('chickenkulambu', 0, 0),
('eggkulambu', 0, 0),
('kaarakulambu', 0, 0),
('lemonrice', 0, 0),
('pongal', 0, 0),
('ravakichadi', 0, 0),
('sambarkulambu', 0, 0),
('tamarindrice', 0, 0),
('tea', 0, 0),
('tomatorice', 0, 0),
('vadai', 0, 0),
('vegetablebriyani', 0, 0);

-- --------------------------------------------------------

--
-- Table structure for table `235689`
--

CREATE TABLE `235689` (
  `ItName` varchar(255) DEFAULT NULL
) ENGINE=InnoDB DEFAULT CHARSET=latin1;

--
-- Dumping data for table `235689`
--

INSERT INTO `235689` (`ItName`) VALUES
('bajji'),
('chickenkulambu'),
('eggkulambu'),
('kaarakulambu'),
('lemonrice'),
('pongal'),
('ravakichadi'),
('sambarkulambu'),
('tamarindrice'),
('tea'),
('tomatorice'),
('vadai'),
('vegetablebriyani');

-- --------------------------------------------------------

--
-- Table structure for table `entry`
--

CREATE TABLE `entry` (
  `name` varchar(40) NOT NULL,
  `rpno` varchar(100) NOT NULL,
  `accno` varchar(100) NOT NULL,
  `image` longblob NOT NULL,
  `status` varchar(40) NOT NULL,
  `total` int(255) NOT NULL,
  `week_usage` int(255) NOT NULL,
  `addcontrol` int(255) NOT NULL,
  `diff` int(255) DEFAULT NULL,
  `week_balance` int(11) NOT NULL,
  `block` varchar(10) NOT NULL,
  `day` datetime NOT NULL DEFAULT CURRENT_TIMESTAMP
) ENGINE=InnoDB DEFAULT CHARSET=latin1;

--
-- Dumping data for table `entry`
--

INSERT INTO `entry` (`name`, `rpno`, `accno`, `image`, `status`, `total`, `week_usage`, `addcontrol`, `diff`, `week_balance`, `block`, `day`) VALUES
('VISHNU', '1111', '123456', '', 'ACTIVE', 2990, 10, 1, NULL, 740, 'A', '2019-03-19 14:59:35');
INSERT INTO `entry` (`name`, `rpno`, `accno`, `image`, `status`, `total`, `week_usage`, `addcontrol`, `diff`, `week_balance`, `block`, `day`) VALUES
('SAMPLE', '12344', '4321', 0x89504e470d0a1a0a0000000d49484452000002d0000002d00806000000b957479c00006de54944415478daedfdf99b64d77ddf797eceb94bec914b6566ed85c20e1020c04d22298ad4506a4b9a91dc56cb3392db7eba9fa79f79e64ff26ff64c3f8f9f96d56eabbdc8b2db3217911217505c40ec20962ad4bee49eb1df7bcf991fee8dccc8aaac1559951119ef171f5681205005dcb8e79ecf3df13ddf63fef97f3be705000000e0be582e0100000040800600000008d000000000011a00000020400300000004680000008000cd250000000008d000000000011a000000204003000000046800000080000d00000010a0b90400000000011a000000204003000000046800000080000d00000010a00100000002349700000000204003000000046800000080000d00000010a00100000002340000004080e61200000000046800000080000d00000010a001000000023400000040800600000008d05c0200000080000d00000010a001000000023400000040800600000008d000000000019a4b0000000010a001000000023400000040800600000008d000000000011a0000002040730900000000023400000040800600000008d000000000011a00000020400300000004682e0100000070ff422e0100ec2f53fcf7d6250a33f2a3e4e5eff40bb85bfeb7bdf3ef73d75fcf495ebaf3ef0300204003c0e3608b1f76a2eb4e604d2579e7e4bce452c939c97927ef8b3fde4ebf5ea6f81b8d914cf1abf9d14cac9ddf60f4f7f23eff1bbd19fe90ff33599bff5ad658592b5993ffd7589b3fecad6e89dcf90f8e840d00046800d8af903c0c9c5e450076d2c03965ce2bcd86abbe5ece4bd61ac581551c1a95a340716054890355e340a5d0288e029523ab5268140581c2c028b0465160145a2b63bc8ca4c0da9d546ea4ccb922381ba5ce29c9fcf6ef9f6499faa9572f711a24f91f7707993a834c83cc2b49330d12a756e6e49c9735f92f6aa4eddf3fb056812d02f82d2f048e5b010008d000702b23c9d83c567af9ed909c24529639654e72f2dbe1b8510934538dd428856a542235cba19a9540f572a84a1ca81c0532663cfeddbc977a49a6eec0a9d5cbb4d94db4d94bb5d54db4d54fb5d1c9d4e9a76af79d069993955160a520b08a0229b4b608d6f9b5f18e921000204003983aa3abcbde4989734a0652923a79790581512d0eb43013ab590d75b451d2917aa4b97aacd95aa407cdc67e24713af991bfdfc8ebc177733b69b4e0a3f835467ed5917f4063a44a1ca812079aaf4792cab7fff3495a6f275aeb0cb4b299e8fa565f9b9d546bed815afd5459e62519c5a155144a91b53276e71f86556a0004680038a481d9c828735ebdd469903aa5ce2b3046f572a0a3f3259d982d6b7126d6d1664973b5e89ebf6ee6477efd51667719f368a00df4e997a683d1dfe85ee17d2767ef0ae09214989d5f65ae1669ae16e9a9c5dd7fed5a3bd18dcdbe6e6c0c7465bda7e5adbeb6baa952ef1558a352681587790988275003204003c00487e6bd0273969761ccd5239d982bebf4424527e7ca9aabde392c0f578fdd30288f84e3c08cff75307be4ece00e21db8dbc0c0c43ff30583f7f7c245477125d5eebe9d2725797d7ba5aeba41a244e6190af52e7817aa71c060008d00030c6a15992d254ea0ef2d01c5869b616ebf9e3659d5daceae45c49cdcade8179d78a72119487413238c4d76d18b2ef16ac475f18e6aa91e6aa915e3ed990246d76535d59ebe9dccd8e2eaef6b4de1a28f3521c5a9542abb0986908d30008d000302ea1d94b6926b5fba9d2ccab12073a3957d65347ab7a6ab1aa85467cdbdfe7fdedabca93b0a27cd0c1fad6d56a63a4662554b352d70b27ea92a4d5d6401fdfe8e8a31b1d5d59ef69ab95290c8c2a51a830c87f4dc23480897e3efef3ff768e0dd500262e341b498993ba4568ae95029d3e52d5b3c76a7aee68557114dc31301b82f2bebadbb51d24997e75bda30faeb57571a5a3563f535484e928dc690f0800046800d8ef8755119c3327f5064ebd2453350e746abeaccf9c6eeab963358576777acbbc979521301f48a0ce37688e4a9dd787d7da7afbf2a62eaef4d4e9672a4781ca71be09d1d1220fc084a08403c058b356325eea674e9d9e9335d2f166592f9f69e8c513759547569ab73b4e6c9764909c0fe465c7ec741b19fd4c426bf4c289bcd4639078bd7365536f5edad2d5f59e9c97aab15529b0f294780018f7e71c2bd000c635387b976f06eca599662aa15e3cd9d4e7ce34345f8fef189a31beeef459adb613fdf2934dbd7379531bdd54e5305025ce7b4d13a40110a001e01e0263943aaf763f95f3d289f9b2bef0c48c5e3ad9d8558a9179ea99273d4c3bbf7be3a697f4cea5965ebfb0ae8b2b3d5923d54aa1426b9479a62a00e383120e0063129ca5d4496bbd44a1357af6585d5f7e7a4e27e64a3b01abc850c6d03163d28d763d19fd5c5f3a55d74ba7eababad1d74f3e5cd307d7db4a9d57bd142ab23bad0601e0409f61ac400338e8e03c7052bb972a0a8d5e3ed5d0579e99d74c25dc1d9c29d138f486251ea3df2a6c7453fdf8c355bd73694bfdd4ab560a1507046900046800531a9c53276df552c5a1d5ab4f34f495a7e7542b85db69ca8b128da90dd37ef7298aed7eaad73edad01b1736d44b9c1ae550212bd20008d000a68135792bba563f551818bd7abaa9af3d37af4a1c6c0727119c3112a447ef87ee20d30f7fb5aad72f6e29cd9ceaa5306f81c74c0680000de0d0056749de687b73e04b271bfac68b47d428569c09ce789020ddeea7fa9b7757f4f6e5adedcd8666e4d87100204003986881913a89537790e9a9c5aafebb9717778ed7f679b02637e3be8274f1c330482f6f0df4adb76feae31b1d55e240d5c852d60180000d60821f30c581189bdd54f3f550dffccca29e3b56db09ce62c5190f19a46fa991fee07a5bdf79fba6565ba99a9530ef23ceec06e011a18d1d8047169edbfd54de4bbff9dcbcbefec2fceef0c3aa333ee5fd357a2f3d7bb4a6678fd6f4b7efafeac71faec998bc6307211a00011ac044049b34f5daeaa73abb50d5efbdb2a423f56877702639e31105e9af3f3faf974f35f47fbd7143e76e76d428850a43439006b0bfcf1e4a3800ec176bf2b674a1b5fae64b47f4b9333345ba11cbcd783c46eeb5372e6ce85b6faf28754ecd7248a70e00fb861568009ffe4ddc4899f35a6fa77aea6855fff0f3c7542bedb4a563c5198fef66dcb9e75e3933a3678ed6f597bfb8ae8f6eb4d5ac840a2cabd10008d0000e983552bbefe4e4f57baf2ce98b4fceec0ace84671cc40bddf01eac9602fde9574ee817e736f4ad7797658d512db6ac460320400338a8a422ad75521d6b96f4df7ff1d86db5cec04107e9e1bdf8f927677476b1aa7fffb36bbab6d9d74c352c7ae201c083b35c02000f134c9cf75a6b27fafc99a6fe97df3a9d87670e43c118deab527e52e15c3dd2fff25ba7f585279ada682772de73af027828ac400378b0b76e2375074ea9f3fa475f3ca6974f3624b1ea8cf1bf6f87f7e8efbdb2a453f355fde737ae2b3446154a3a0010a0013cca10b2d94bd52c47fac7bf7e5c8bc569821c888249307a8fbe74aaaee3b3b1fecd8faf6aa39768862e1d001e643ee41200b8dff0bcd649756aaea2fff7374f6bb1116f070eb233268e97e6ebb1fe3fbf735a4fcc57b4d64e65b9910110a001eca7d556a2cf9d69ea9ffec64945d6ca7b113830b98a928ec058fd93af9ed417cece68b595705d00dc174a3800dc396314fd9d37bba9bef999057df5d93949d43be3f0dcdf3b75d18b9aad85facedbcb6ad02f1a00011ac0c3868b24f3ea0c32fdf79f3fa6974f3776fd7fc061b9cf87befcf49c9aa548fff1f56baa4481228e00077007947000d833540c52a77ee2f4275f3eb12b3c03879597f4e2a9bafef42b27d4cf9c06a9e3651100011ac0fd85e77e9ab7a9fb1fbf7a424f2d56396f02d371ef1721faec4255ffecaba7943aaf3e211a00011ac0fd8467efbcfea7af9dd2a9f94adea28e4b83290bd127e64afa9f7ff3b49c977a03423400023480bb8667e99f7ded94969aa57c83159706d318a2bdb4d888f53f7fed947c313608d10008d0006e0bcf99f3bbc3338101533c26bc97161ab1fea7af9d92a79c0300011ac076509094a44e69e2f5cf7ee394969a31e1191809d18b8d58fff4aba794665e49eaf8560600011a98f6f09c79af6ee2f4fffaea711d9b61e519d82b441f9d2de99f7ce5847a03a7cc7b423440800630adbcbc367b99fee88bc7f4c491bcdb06e119d823444b3a355fd11ffdda716df532797ad300046800d3190ad63ba97ef7a5053d7fbc4eb70de06ee34579887eee584dbff7d945ad75525e3601023480a91af8465a6fa5faf2d3b3fad253b3db0101c0dd43b4247de1ec8c7ee39939adb61259060e408006301de179a39bead9e355fdce4b8b5c10e0217cf3330b7af144431b9d94100d10a0011c66c648ed81d37c2dd6fff3d74f4812959cc043fae35f3ba6238d58ed01e51c00011ac0e10ccf9292d44bf2fad3af1ecfc33307a5000fc5176f9e7ffa951332c6d2de0e204003389413be915afd4cffc3178eab598ee46857073cfc0ba9919c971ae5507ffca5636a0f1cdfe600046800876aa01b69a395e8379f9bd75347f37675d46d029f7e5c79496717aafafa7347b4de655321408006702818236df5323db158d5375e98cfff1c9705d89ff155fcfc9bcfcfe9c985aab67ad44303046800133fb927a9531818fdf1978e49daa9dd04b03f8663ea8fbf744c716835481d932b40800630b1137b51f7fc079f3baa721c50f70c3c8a17d5a21eba1405fac3cf1d53bb9fc931ce00023480c99cd4373ba95e7d6246cf1dab51f70c3ccac9b4a8877efa68555f383b437f6880000d601227f35ee2345b09f507af2ee57f92d20de0b1f8fd5796345f0bd51d38bef10108d000268593d44b32fdc1e777ea9e99c88147cb68a71efa0f3f7754bd94d67600011ac044088ad28dcf3f31a3d347caf9c44e78061e4f882ec6dac9f98abef0c48c36dba902c61f40800630de93772f75aa9702fdee67f3d20dba6e008fd770ccfdee2b8b6a5402f5524a3900023480f10dd0923afd4cffe0b34bf9a6264a3780037991f53e1f8fbffbd925b5fb19bdd701023480719db4b77aa99e5aaaeaf9e3b5ed3f07e060c6a3243d7baca6678ed5b4d5e5801580000d60ec38274946bfff2aa51bc038188ec1df7f6549b2a618a30008d000c68231d2662fd5179f9cd14c259228dd00c6625cca4bcd72a85f7b72469b5d36140204680063338807a953bd64f57f7b7141527e02218083371c8bbff5e2c2ce86422e0b40800670f01374bb9fe9379f3fb2b37190cb028c85616f6823e91bcf2fe41b0a19a000011ac0c10ee05ee2b4d82ce9f34fcce413369333305e21ba1893af9c6968a9595237714cbe00011ac041f146ea0d32fdd6f3f3f9ff66e320309e63b5189bbff5c211750619655600011ac0810c5e2375fb4e2766cb7aee785d12abcfc0b81a6d6b777abea26edfc9325e01023480c7cb4beaa599befee211499263f519186bc331fa8d17e6d54b33316401023480c739708bd5e793f3653db558ddfe7300c67bdc4ad2d985aa4ecdb10a0d10a0013c76bd34d36f3e4bed3330498663f53759850608d0001eefa0edf49d8ecf94f4f4518eec0626c970ac3eb558d5899972be0acd650108d0001efd04dc4b32fdda537392587d0626cd70ccfedad3b3ea25f4850608d0001eb95ee6345b8bf4f2e9c676a00630592fc192f4d2a9868e3422f512c7450108d0001e95c04a9d9ed317cee687a6d07903984cc3b1fbb92766d51e3805ccc600011ac0a391a45229b2fac213b392587d0626d570ec7ee1ec8c2ab15592724d00023480fd1fac566a0f523d7fbca63832f25e223f03131aa095d7424781d10bc7eb6a0d5259666480000d607f792f7927fdda53b35c0ce010f9e293b392634330408006b0bf03d548ddc4e9f86c494bcd9224ca378049371cc34bcd5827e6caea261cac0210a001ecdf44abbc75ddab4f3425b152051c167e7b33e18c7a838cb22c80000d60bf2499548b02bd7cbac9c5000ea1974e37542d054a32ae05408006f0e907a9953a83544f2dd514da62f320cb54c0a1604cbe0a1d18e999c59a3a6c260408d0003e3defa5cc797df64c7e700a472e0087cb704c7ff6898632ef29d10208d0003eed004d12a7d96aa4b30bd5fccfb1fa0c1cae715e8ce9278e54355f8b94248ec919204003f83423b493383d77bc2649f47e060ea1614f68497ae6584d9d8163760608d0001e962fbedb7df144be7990f20de0701a8eed974e3625b333f60110a0013ce0e0eca74eb3f55827e6f2decf01cbcfc0a1341cdbc7664a9aafc7eaa79471000468000f353a7b03a767962a9224c7c622e0501b8ef1678ed6d4a38c032040037870de4bde783d7f2cefbec1e23370b80dc7f873c7aaf2866e1c00011ac0034b32a76639d4e9236591a081e949d0a7e62b6a96432519651c00011ac0fd0fcca27ce3cc91bc751ddd3780e9c8cfc355e7338b55ca3800023480079d4833e7f5ccb11a17039822c3e61bcf1ead29739e176780000de07ea54e8a23bb7d780a80e99a94cf2e5414475629edec00023480fb189456ea274e8bf5922a713e440dcb50c054188ef5721468a959527fe06499a9010234807b4ca0920699d3d9c57cf3203bf181e9321cf3678f5435c81c651c00011ac0fd4c9ede7b9d5dcccb37f80617982ec3317f76b12a2fdad901046800f7946652250e74622e3f40c5b2fc044cd7c45c8cf9137325d5e24069c6350108d000ee3c20add44f332d356285c52c4a7e06a6cb70cc07d668b159523fcda8830608d000ee367126ceebd47c5eff9cf1d52d30958663ffe45c4549463b3b80000de08ebc24e7bc4e1707a8304081e99e9c9f5828cb792fdea5010234803b704e2a45818ecd94b818c0342b969c8f364b2a47811cbb8901023480bd07e320759aad06aac4413e87f2bd2d30cdf959e538d06c35d220754cd800011ac05ea371903a1d6dd0ff19c0ce33e0e84c4983d4316303046800b7329232271d9fcdcb371c558fc0541b3e038ecfc6ca3c1d7900023480db78e5251bc7e64bc5e064ba04a67b82ce9f0127662a32e25b2980000de036692ac581d55251c2417e06a65cf10c5868c62a45960355000234805d03d14a89739aa9068a020e5001b0f30c0803a3994aa4c4390e540108d00046a599d35c3d2fdfe0ab5a00a3cf82b97aa434a3971d408006b06db88190fecf00f672ac5952e6f8660a204003d8c539afc5469cff319703c0c8b360b111cb39be9a0208d000b6654e0a42a3d95ac4c00470db243d5b8b14864654710004680005e7f20e1c734580e67b5a00a3cf82d95aa438b01ce90d10a00148923552e69ceaa540a1a5030780dbf2b3426b542b07ca9c93e5010110a00166482975d26c25e25a00b8a3996aa4d4f1860d10a001c8286f61d7a88692a48c7d4200460c9f0933e55069e6c8cf00011a8094efb49fadb2020de0ce666b311d7a0002340049f292e4bde66a318312c01d27eaf95a28792fbea40208d00024c9483345090700eca55989a97f0608d000a4bc855d68acaa258623803bab95ac225ad90104680079802ec556d5b05881668509c0a8e299508aad4a21011a2040030c4065de290e0285213da001dc313f2bb256711028f38ec91b204003d33d029d932a11b119c0bd952223e799bd01023430e59c97ca71c08500704ff55220e7e8c30110a081690fd0cea956ce03b4675e04b087e1b3a1520e9511a001023430cd8cf253c6ea314311c0bdd5e340ceb15702204003531ea1f3128ebc0387e38804007b183e1b4a912d4e2364fa0608d0c014f3f22a47b688d300b0d7ab76ae125b199f476a000468606ac3b391548e8a1a682234803d9f15f9b3a11c0592e1386f80000d4cfb2034f9d7b20c4800f79aaccb919531bc6803046860ea19c5014311c0bdc54190d77350c10110a081a9e52463a428644509c0bd85a1213f03046860eaf3b38c91e290a108e0dee2d0880a0e80000d4c3de38da2801911c0bd454120e3795e00046860ca79492135d000ee43683d2bd000011a4060c4ae7a0077573c228cb1046880000d4c3727c90646d6ec9e240160cf49db48813572ec220408d0c034276863c48a1280fb628c6498b901023430f513229700c0033c312c4f0d80000d301f1a19264400002646c82500788b053031efdbf25c0680b91b00003ce8c4cd2e4280000d4c31a64100f7cbfb7c05da307d03046860ba27442feff95216c07d3c2fe4e5785e00046880004d4d2380fb4ed0223f03046860aa192b7927123480fbcdcff9e382c63d00011a98da002d29f37ea70e9a200de04ec959f9eab3f37ee7f452000468605a27c62c233903b8b734f3ca32ae03408006a63e3f7ba519bd3800dc5be6785600046800f2464a588106701f52e725c3f302204003d33e00bd588106705f92cccb7b266f80000d4cfb08f4523f654509c0bdf51397b7b163f60608d0c034f3de6b90e62bd0ac4303b89b419689763d00011a20404b1a14251c74a602b097e1cbf520f11ca40210a081e96664e424f5936c244e03c0adcf8afcd9d04f33399f3f3b0010a081a90ed1dd812be233932280db0d5fadbb032763784e00046860caa7456ba56ee2189000ee32599bed009d9f42c8b75500011a98daf89c0fc25e92723100dc532fc9640df119204003532eb046dd41311df2cd2c80bd14cf866ee24405074080061884c6a8dd4bc9cf00ee959fd5eea50a2d5337408006a6995351039d712d00dc5377909770d0341e204003d39c9f658d94667ebba691da4600a3469f09a9733296e704408006a69c315683ccedf482666604b04782ee275e49e66565794c00046860ba85461a244ebd84ef6401dc592f49d51f3851020d10a0015829f35ead1e75d000eeacd5734abd27400304680052bec37eb34b2f680077b6d54be8d40310a0010cc3b38cd1663791c4e67a00bb0d9f095bdd543286100d10a0010c07e2c6f60a34db8300dc6ea397306903046800c3b81c06465bbd7c05da72cc1880d189ba78246c7432595ad80104680079820eacd16627df44487c06306af84c6875138501d33640800620e7a5c04aad7e3a9aa90160d7b3a0d54f1558b1510220400390246bad92cca93d0cd124680023cf82ee20533ff5b2d6929f01023400490a941fe74d2f68007bd9eaa54a32a7904b0110a001e48c95b2cce76daac437b400b4eb59b0d54b95665e86591b2040031809d1c668ad9d303001dc66ad9dd0a10720400318e5956f245c6e0db818006e9ba457b6060a68610710a001ec1658a3f54ebe024d2f3b00a3cf82b576aa80156880000d608493426bb4d5a3173480dbf2b3b6fa89c2c0b0410220400318c9cf8a42ab563f5592e55fd2f2552d30dd86cf8034cd3bf404212dec00023480db0663923a6d0ecb3848d000095ad2662fd520710ab82200011ac0eda3d139af95a213070048d25a7b202f5ad801046800b731b2f2325a6de79d381c4bd0c0541b3e03565b899c37324cd900011ac06e5e4e919596b7f2004dcf5760da27e8fc19b0dc1a28b4f9330200011ac02dc2c06a652b2fe1203e03d36df80e7d7373a02860ba0608d0006ee39c140652ab976c176f50c4014ca7d1b1bfd54b14049267011a204003b85d60ad3afd4c9bdd94040d90a0b5d94bd5493285d6f2380008d000f61c90564a9cd73a477a0390b4de4a95a45e96d91a204003d89b91648cd1f5ad61270e00d36838f66f6cf6648c614f0440800670d74169463a71703980a99e9c97b706b2a46780000de0cebca438b05adecc03349dec80e934da81230ea87f0608d000eec839290aacd63a0379bf13aa014cd78bf4d05a3751145839eab900023480bb0c4a2bf513a7e5e1464212343095097ab995a897646c200408d000ee25b0529af9ed3a68169e80e9321cf3cb5b7da5a91767a800046800f7e0250581d1d5f53e831498e289f9fa7a4f36307c090510a001dc8fd01adddcec49622321306d8663fefae640112d3800023480fbe0a430345a6f255c0b608aadb6060a43431d17408006701ff95991b5daeca5daece5477a7bbec305a6c270acb7faa9b6fa99226bc9cf00011ac07d0d4c2ba5ceebda7a6f3b5403988e176849bab6de579a3a3a7000046800f7cb483232babad663a00253e8ca5a5fa6f80f00023480fbe025c5a1d595a213071b0981e9101463fdca7a575168e5e9c10110a001dc272705a1d5eaf03015719e0a300d2fce43ab5b89a2d052bf0510a0013c407e5664a5762fd3eab01b07091a988a04bdd64ed41aa4223f030468000f3a38ad947aaf6b1bfded500de0f0bbbed1579a793610020468000fca480aacd1c5d52e8315982217d6bab296ed8300011ac003f33edf4838ecc4c14642e090bf341763fcea6a4fa5c052b50510a0013c28e7a528b45a6d27ea25d976a80670385f9825a99f79ad6c258a222b47dd16408006f0e0422bf512a7abebd4410387fa85b9f8f9fa7a57fdd42962760608d0001e8e2906e9c5150e5401a66132beb0dca3f619204003f834bcf2328ecb6bf94642eaa08143fab25c8ced4b6bc303540010a0013c5c80765229b45ade1a6c4fa84cacc0e17b511e5ade1ce4019a7a2d80000de0e127d6c04aed7ea6eb453f681234703813f4f58d815afd4c916598030468009f6e90da7c87fef99b1d496c24040e1b57c4e5f3cb6df962cc03204003f814bca438343a7f33af830ea883060e95a028803e7fb3ab2830ac3e030468009f9673522934babed597f33ba11ac0e178411efe7c63b3af3834d43f03046800fb210cac3afd54578a6e1c2468e07025e82beb7db5faa9224e200408d000f6873192f146e78a320e16a880c3613896cf5f6f4bdec852a20510a001ec8f613fe88b2bd4410387c9702c5f58ed2aa6ff33408006b07f5cd10ffae6665f695108cd440b4cfe8bb12465ceebfa465fa5d0caf1f512408006b07fc250ea0c327d52b4b32341038723417fb2d2556790290cb92400011ac0be0bacd187d7db5c08e010f9f05a5b96e26780000de01170521c5a5d58e949ca371602985cc3317c61a5ab7268d91d0c10a0013c82fcac5268b5d61a68b53390949f500860f20cc7ee7a3bd16a7b90d73f735900023480473060ad9479e9e36b1ceb0d1c061fdf6c2b4b450907408006f0a80cdbd97d7423af83a69d1d309986e51b1f5eef288aac3cbb820102348047c339a91c595d5da79d1d30c92fc292e4bcd7b58dbecab4af0308d0001eadd04add41a6f3378a320e123430592fc2c5983d77a3a3762f5518704d0002348047cbe4edecdebdd2621003133cf1be77b5a5c01a89522c80000de0d1724e2ac7a13e59c957a06967074cd83b703166cfdfeca81c87946f000468008f4314485bbd541796f39ed0b4b30326c370ac5e5ce96ab39729a27c03204003784c03d748c618bd77758b8b014ca0f7afb4640cdf20010468008f8d775239b6faf866dece8e4918980cc3b1faf17257e598d30701023480c7c6492a59abf576aa6b1bfd3c5453c6018cf78b6f31466f6c0ef2d3072da70f020468008f77f05a49467af732651cc02479e7f2a6e48b310c80000de0f11996717c789d6e1cc024188ed10fae77548ead3ccbcf00011ac0e3e5249502ab95ad01651cc0b8bff01663f3fa665f2b9b039542ca37000234808319c0261fc5ef5c6e713180710ed0c5cfef5c6e49b618bb0008d0001ebfcc49d5d8eafd2b791d34651cc018bfec4a7affca96aab155c6f2334080067070a2c06abd9be893150e5501c6d1e8e1296b9d5451c0d40b10a0011cec203652608cdebab4c9c500c6d85b97b6640de51b00011ac081cb9c5489437d74ad25e7f3320e16a181f1311c931f5e6fab1a87946f00046800e3200ea4563fd3bbc5d1de8e040d8cc70b6e3116dfbfd2d2562f551c704d00023480b1e08d148781debc909771047c450c8c85e158fce5854dc56120cfd80408d000c683735225b6bab8dc53ab97e6a19a5568e0605f6c8b31d8eea7bab8da5525b672946f00046800e323b452eabd5eff84cd84c03879fdc2a692cc2b64c60508d000c68b775225b27ae7527ea80a3da18183351c83ef5c6aa91271743740800630769ca45264b5d2eeebc24a270fd594710007f342bbddfbb9a7e5565f9588a3bb01023480b1648c1458a39f9da38c0318073f3fbfaec018360f02046800e3ca39a9560ef5f18db63a0397f79f65151a78ac7cd18fbd3bc8f4e1f58e6aa590cd8300011ac0380bad3448bd7ef1c90617033840af7fb2a941ea14d2fb19204003186fbe6869f7c6c53c40b3991078bc8663ee8d8b1baac46c1e0408d000c6de7033e15a2bd1fb57f38e1c9471008fe905b6186bbfbad6d66a2b5189cd8300011ac06430462a8781fefee3f5edff0de0f18c3d49fae9c7eb8ac280b10710a0014c8ae1c98497567abab1d997c42a34f0a80dc7d8cdad812eae7655e3e44180000d60c206b7cdfffbe30fd7b918c063f4e30fd6648a310880000d6082644eaa9542fdea5a4b9d7e4a4b3be0111ab6aeebf453bd7fada55a2954c6ea334080063079c2404a53afd78a5a68f233f0880274f1f34f3e5e579a7a5ad701046800932a2b0e5679f3c2a632e7655985061e4978b646725e7ae3c2a66a65569f0102348089160752bbefb63b72909f814790a025fdfdc7eb6af79d62569f01023480c9e6bc542d5bfdec5c1ea02d6db5807d35dabaae5ab672bca50204680093cd4b2a07561bbd543f3f979f4e481907b04fe3ab184bbff864431b9d44e5c0f22d0f4080067018645eaa45815efb684d52be62c6240f7cfa97d3e1eaf38f3f5853ad1428636001046800874739b25aeb247afdc2c6ceec0fe0d32568496f5cd8d05a275139624a0508d0000ed75cefa56a1ce8b50f7756a1013cbce118fad1876baac601a55100011ac061e3245522ab95ad44bff8845a68e0d3be904ad2eb9f6c68652b5125b2a2731d408006701843b4976ae5403ffc705512b5d0c0438567edac3efff08355d5ca019d3700023480c33cf19743abcd56a69f147da149d0c0430c24493f3bbfaef576a67248e70d80000de050cbbc54ab58bdf6c19a32e7f35568667fe0feb2b3cf579f9d977ef8ab35d5ca96ce1b00011ac034280556ad41a6bf7d7f858b013c84bf7b7f55ad5ebefa0c80000d600a645e6a9643fdecfc86ba03c72a34701f86abcfbd41a69f9e5b57bd12b2fa0c10a0014cd5e0b7529a797de79d6549125ded80bb1b8e916fbfbba224738a994101023480e9e2bdd428857af3d2a66e6cf62556a181bb8e1719e9e6d6406f5ddc5483d56780000d604a1f00560aadd5b7deba2989c355803b198e8d6fbd755381b57c630310a0014c2be7a57ac9ea93e5aedebbda92c42a3470abe19878ff5a5be76f76542f59c60940800630ede1a05a0af46d56a1813d0dc7c4b7dfbea10a477603204003d83e5ca59be9bbefacecfc4900db63e17bef2e6ba39da91271680a00023400156ded2aa1fefedc9a565b03361402dad938b8d64ef4dac7eb6ab2711000011ac0ae878195acb1faab5fde90442907301c037ff5cbebb2261f2300408006b0cd171b0a2f2e77f5fa850d49f92643601a0deffd372e6ee8c2cdaeeaa5906f650010a001ec1d1a1ae540df796745bd2493a5940353fa32698d34c8bcbefbf68a6ae5809749000468007716865669eaf457af5fcfff04a51c9832c3d28dbffcc575f553a73864aa044080067017bed850f8de95b6debdd29211a51c981ec37bfdfdab2dbd77794bcd0aa51b0008d000ee334437ca81fefacd1bea53ca8129baefad9192ccebbfbe71438d323d9f0110a001dc6f9090540aad0689d37ff805a51c9812c53dfe1f7f7655ddc4a914d2f31900011ac003c8bcd4a884faf05a5baf5fd8a29403879af3797e7ee3c286debfdad60c3d9f0110a0013c6ca86856427debad1bdae8269472e0501a966e6c7453fdf55bcb6a56435e160110a0013cbcc01a1919fdc54fae49ca3b14902d7068c2b376ba6efc9f3fb92a23a3c052af0480000de0d3040c2fd54a56d737fafaf6db37b9203894bef5e64d5ddbe8ab56b27ccb0280000de0d3735e9aa9857aeda375fdea5a3bdf6b45c8c0c4bf1de675cfbfbadad64fcead6ba646e906000234807d0e1bf552a8bffcc5356df652897a684cf2edec251969ab97ea2f5fbfa67a29e4a51000011ac0fe8b422379a3bf78edaaa49dda5160d20cefddbf78edaae44d7e6f0300011ac07edbae87deeceb3ffefc3a170413ed2f7f7e5d5737a97b06408006f088392fcd5443bd797153af7db496076b2e0b26e525b0f8f9271fafebcd8b9b9aa1651d00023480c71242bc34578df49d779675ee6687435630312f7f46d2f9e58ebefdf64dcd5623defe0010a0013c4646aac5a1fee2efaf6aadcd212b18ff973e6ba4b576a2bff8c955d5e280e3e90110a0013c7e51681418a33ffbe1150d529f1fb24288c618866763a4d479fdeb1f5f91354651c8f40780000de080824925b6ea0c12fdeb1f5e96c4498518b37b543b1d37feb71f5e56bb97a812b3691000011ac001725e6a94435ddbece9fff8f1953c447359302686f7e2fff1932bbab6d653a3cca641000468006312a2672aa13ebcd1d17f7a9df676182ffff99737f4e1b50e1d370010a0018c5f889eab857ae3934d7debed9b5c101c98d18cfcadb76feaf5f31b9ae3986e00046800e31aa267eb917ef2e1babeffde2a1704076258b6f137ef2eeb271fae6bb61e119e0110a0018c312fcdd622fdddaf56f4a30fd6b81e38103f7c7f4d3ffc604db3357a3d032040039810b3c5412b3f787f75345b038feabd6ddbdfbdbfaabf796f393f28050008d00026c95c2dd2f7de5bd1dffd2a0fd186108d47149e87651b7ff7c1aabeffde4abef20c00046800931aa2bfffee8abef3ce4d42341e6978fece3b2bfafebb2b9a233c0320400398f480335b8ff4a30fd6f45f7e7963274493a2f169ef2dbf139effcb2f6fe8c71fae68b61af1820680000de070a4e823f5583fbfb0a97fffd36b7988e6d86f7cdaf05ca4e77fffd36bfaf9854dcdd7622e0c00023480c3c379e94835d4bb575bfa573fb8a42c7379002244e3215ec88c91b2cce95ffde092debdd2d2110e4901408006705843f45c35d4d5b59efec5f72e69a39b48860c8d07cace9291363aa9fec5f72fe9ea5a8f43520010a0011cfe10dda8846af553fdcbbfb9a8f3cb9ded3a563210ee1a9cf3ecacf3cb1dfd7fbf7741ad5eaa4685f00c80000d601ac29097aab15568a53fffd115fdece3f5ed70445d34f6ba5f862f593f3bbfae3fffe115599bdf43dc2f000e42c825007050a1280aadead6eabfbe75535737fbfac3cf1d9531f92ab5355c23ecbe17fef2e7d7f5e6a54d352b9102cbcb1600023480290dd1d648f3b5486f5ed8d2cd8dbefef1974fa859ce1f4da33d7e3165f746f1d95b236d7453fdc56b57747d73a0f95a24e709cf000e16251c000e9cf3d25c2dd46a3bd5bffcee05bd7d695312251dd3fc62357c717aebe296fee5773fd15a3765b32000023400dc1aa2ab25abd01afdc79f5fd77f7ebd3874a54852e4a62908cec5cfa6e8ccf297af5fd77ff8c53545915535b68467006383120e00e313a0bc14044673b5486f5cdcd4c5d58e7eff95253db1509511b5d187fd056af8d97eb2dcd17ff9e54dad77121da16403c01862051ac05886a9d96aa8cec0e9cf7e7445df7afb66fec06235faf0bd340d27a3e2b3fdd6db37f5673fbaa26e926996c351008c2956a081697b632e5e9b9d1bff105d8eac4a91d5df7fbca18faeb7f50f5e5ed2534bd5edda68c36af46487e791cff0dc8d8efefaad1b5a6fa79aa986dbdf388cfd981a2e4339c9f1910204680087c7b09b413771eaa74e81312ac75676cc13e8f06bfbb96235facf7f7c592f9f6aea773fbba07214dc16c23059c1d918a99764fad69bcb7ae3d2a62a71a09962d57912169e9df7ea749d32ef550aad2a919d987f7600046800f708cebdd4a933c8d42c47fafd578ecacbebdfffec9a1ae560ec43741e54a44a64558eacdebbb2a58f6fb4f5d567e7f4e5a7e776361912a4272a384bd24f3e5ad70f3f58553f759aad45b2d2c4946c38efb5d5cbf4475f3c2623a36fbf7d53ab9d54d5d8aa1c0672de13a481c33cbffef3ff768e310e1c32d6e4e1b9973ab5079966cab1bef4d48cbefcf4ecf65ff38b4fd6f55f7e7953b3d568b21e5a464a33afad6eaac599927efbc5237afa68edb69086f10bce431f5d6febbbefaee8c6465f8d4aa8303013b74970bd93e8fffeeaa23effc4ce987aeda335fdf4e34d6df406aac581caa1959fa09702000468606a83b397d44f9c3afd4cb3d5485f7e7a565f7c6a679277c35540493ffe704ddf7efba6e66af104febb1a75934cdd41a6330b157df385233a395f21488f7170beb2d6d777de5dd685e58e2a71a04a94afd44e9ab576a2df7969515f7966565e3b07020dfdece375bd766e5debad44d552a0526427a6a61b00011a98bae0dc4d9c7a834c8b8d92bef8d48c3effc4ccf68114be38daedd64cf9b7efadea6fdf5fd15c2d9ab8af9c87ffdeedbe53ea9c9e59aaea379e3da213732582f41805e7abeb7dfdf083157d70bda3d05ad54a9319284d119ebffefc117dfd85f9ddffcec50fa37dcb7f716e433f3bbfa19b5b7d95e34095c8e647d5b3db1020400338c0006925efa4f6c06990653ad62cebcb4fcfe8a553cd070a90df7f6f597ff7fe9ae6ead144f6dbdd09d2a9d2547ae6d8de417aaf1708ec5368be25404af98af30f3f58d187d73ab2a1d488c33c404ee03d668cb4d64af49bcf1fd1376e09cff77a8178fbd2a65efb6843d7367a8ac340b5d8ca588234408006f0f8c2623199274eeaf4537949678e54f49567e7f4e44275fbaf1b2dd5b81fdf7d67593ff8604df3b56872af8dc9c34b7b902acda45347cafaf253737af6d8ee1ae96120c23e04e73daee707d7da7aede3355d5ae9290ca45a1c4e7c605c6d27fadab373fae66716eefb85e2d6d28e73373afaf1476bbab0d29591542d858a6cfed791a50102348047110e8b89b69f3875074e95d8ea9963357df1ecac8ecf3e7cc942b1302b49fafe7babfabbf757343bc1217a3b484beaf69dfa69a6c56649af9c6eea95d30d95e38030fd0842736f90e98d8b5b7aebe2a6ae6df6550e03554a87a3f677bdbd7be57974ccdceff5bab5a4e567e7d7f5e1b5f6f6582e51de0110a001ec9fa058b96b0f9c0669a623f5489f3d3da3cf3fd154e59630b81f41f0471face93bef2e6bae1a4dfcb51bdd54d94d9c4a91d58bc7eb7af5ccccaef20ec2f4c38566292fd3f8e5850dbd77b5a5de6818d4e1d834b7d64ef4db9f59d0579f9ddb976b387afdba834cbff864536f5edcd04a2bd92eefb056ca08d200011ac083073f23a341e6d51da47292cecc57f4f92767f4e2f1fa230f7d3ff9785ddf7aeba69a955081351359177dfbf594924cea0c52392f2d3422bd7caaa9974e36d4a8ec6e899ff99d5299690fcd4e5ec12d17a2d54bf5d6a52dbd756953cb5b89ac91aa71a828d0a168db668c9439afcd6eaa7ff0f2a27e6da48bcda37a1979f76a4bbf38b7a10bab5d59499538547c48ae27408006f068835e51a6d14d9c7afd4cf572a8174ed4f5b92766b4d48c774fc08f7843dc5b17b7f49f7e715dd572a02898fc107deb351eae4a87d6e868b3a4e74fd4f59913f5dbc2741e60bcaccca10fd4c3c06c8db9eddedaeaa67ae74a4bef5f69e9c6565f49ea0f65e98131529279757a99fef0f347f5f2e9c6a3bbdec50fa3f7d58dcd815eff6443ef5d69a9d54b552ed1bd03204003d833d019bfb329d079e9d84c499f3bdbd4cba79a0a477621655e0a1e6388fbf07a5bffe74fafaa145ac5a13d34215a2a56988bafca7b83fc88f328345aa8c77a6ab1a2678e356e2bf3d87e79d97e824e6e570fbffdc34e70bcd5b58dbe7e75b5ad8f6fb4b5dc1a2849f323abcbb155507480394c99ce18a99f3a0d52a73ffed2713d337240cfa376ebd84e9dd75b9736f5faf94d5ddbe8e7abfcc34d87846980000d4c65682ec29b735277e0d4cb32558240cf9ea8e90b4fccdede7e4d8fbf9c60b851eaea7a5f7ffee3cb725eaac5f6507e9d6c6dfeef9ab93c40f5074e32d26c25d4d26c5967172a3ab350d1423dbee3b57245d9c7dd02e98104e591cfcb69a79c652fcbad812e2c77757eb9ab1beb3dad7753c94ba5d8aa1416a1598733bc5993ef3308adf4275f3ea9e3b3a507de2cb89f9fd7aded007ffec9ba3eb8d25637cb540e02558a5ae9c3f6120310a001ec19d486e503bdd4c978e9c47c599f3dddd00bc7eb2a47b7748838e015cee1a6a7cd5eaa7ffdc32bdae80cd4ac8487ba267318a69d9792345f994eb3fccfcf56432d34ca3a365bd299f98a8e3623c5239fd99dc2b58ad208c9ec0ad9f95378d74ff7f562b3fb0f76c2b194979adccf7d334832ddd84a7471a5ab2beb7d2d6ff5b4de49e59c14065229b48a42bbbd11f330af785a236d7453cd5563fd93df38a166393cf00378f62aefe82599debbdad29b17b77465b5276fa47248070f80000d1cd240262f0d32a7dec0c979aff97a49cf1cadeab3a79b5a6cdc52dbac31dbbc5604f93473fa37af5dd527cb5dcdd5c2a9d8d8648b1f8c8c32e79566f9d7fb4926c97895a240d5c86ab159d6d199588b8d58f3b5588d4ab0eb65e820f5924c5bdd4cabed816e6e0d747d63a09b9b3d7512a77e9249de280aa438b40a039b6f1acd13ff54ac6c5a23adb5533db150d13ff9ea71596375204bcff77891bdf5b970736ba0372f6eeac3eb1dadb6fab2c6a81c5bc541fe0648980608d0c0048766a937489539af4639d433476b7af95443a78e5476fdf5e3def5617435eebfbe71433f3bb7a1662d5220699a1e203b813abf26a997b2d46990396599e4e56564548aad2ab155390cd4ac446a5603cd9423d52a816a71a0721ca81a072a8546d6e6a1f54156a033e7e59c533ff5ea0c32f50699da834ced6ea68d5ea2cd4ea6cd6ea25e9a7771e90fdcf63f5b10487160158456a1c93f572f4d4d60de9efc8a71b7d94df4c52767f47b9f5dbaed5e1fc771e874fb3e884b2b5dbd75694b1f5e6f6bab972ab046e5a28b07611a20400313119ad3a2555ae6bceae5506717aa7ae964436797aabb4e259bb4bec3a3c1e2ef3f5ed7b7df5956253a7c9b0b3f55a8d6ce3d907927e7f29f53370c3145878ba24da13552101845d6280a8d64ac0223197919638bebeee465947949de2949bd12e795655ecee7a1ddfbbc53886464ad145a2930798d6c60acc222486dff334e79ddac31d220cdbbb0fcce6716b6dbd48d7378de6b3cdefafc705e3a7fa3a3b72f6fe9fc7247ad224c57e370fb1e204c030468602c82d39d42f3cba71b3abb58ddb5b278980eebb8b8d2d5bffbd935f5934c8d7248afda3bdd1f1a560358f9616c1d09b0ce495e4edeef0470af9d957d33fcfb8b009c87ef3c1cdffefb580dabad4550defb7331d2562f55390af48fbe744c67e62b13ffefb4d773c54b3a7fb3a3b72ede394c737f000468e0b18622efa5a4a869ce9c57ad1ce8f47c552f9f6ae89963b53d43f324b73cbb93ee20d3bff9f1555d59ef69a616caf8e92ae9d8f77b4b1a4ddcbbd3d04e26c6c34c76cadbbf6db4539d982deb4fbe727cd7499e87c1686bc25bc3f487d7da7aebd2962eae76d4ee654599875514e41b1009d300011a78e4a139755e3395584f2e95f5fcb186ce2e56148cd4671ce6d03cfaef389ca4bffdf64dbdf6d1baeaa540d1949774600c273a93775469f5337df9e959fdce4b8bb7ddc3876e7cde214c67ceebfccdaedebfbaa58f6f74b4d94b1512a6010234b06fc1f996d0ecbc57a31ce9e9a355bd70a2aeb30bd5bd27ac431c9aef16a27f75ada5fff4fa0d6599a3a403e3338e8b928d28b0fa7f7c6e49cf1dab1ffaf07cc730bdc7b3e9fc7247ef5d69e9a3eb1d6df592ed6e1ec3304dcd34408006ee2b348f76cf489dd76c2dd2938b55bd70acae2797aab705c87c244d4f68be9bad6eaafff4fa759dbbd151b31ae5076ff084c1414c6e263f1867b393e8c9a5aafef073476f3ba67d1add69655a92cedde8e8bd6b2d9dbbd9d17a3b2956a6e9e60110a0813b8466232949a5ee205552b49c7b72a9aacf9c6ce8a94542f3fd705edb5d465efb685ddf7b6f5981b1aa952cabd178bc63da48edbe53e69d7eeb85057df9e9d9dbee51dc3d4c7f7cb3a3772e6fe9dc8d4ebe826f8d2a71a8283cfc07eb000468e04e13ac2463f3c331ba83fc40895a29d09985aa3e73b2ae678fd5f76c394768bec7843cf2b5f8f58d81feea97d7757da3ab6639de2e89011ed98456ac926ef6063a3e53d11fbc7a548b33f16df726ee3f4c3b2f7d70ada5772eb77461b9a3763f5329ca8f120fac91779e7a6910a081431f9c47ea9a3b7d276ba55373157df674532f9eac2b9cb28d808f74362e2eda0f3e58d50f7eb5aac048b512b5d1784463db48ed7eaacc4b5f7b6e5e5f7b76feb67b119f2e4ca7ceebddcb2dbd79715397d6ba724eaa96a89706011a38b4026b94bafc54b624f59aab477afe785daf9c9ed1917ab42b34bb623266cefd9493f02dabd1fff5ad1bbab4d255a3142a0e8b8341804f3bb68d3448bdb6faa94e1fa9e8f75f5e62d5799fc3b4dbe3a4d49556a2372e6ee8fdab2dadb51245615ee21116dfec01046860420d1ff8834c6af75205a1d199858abe706646cf1eabedfa6b334f687ea4337071617f766e5ddf7b7f5569ead4a884f9590e3c81f030e3bb38827cab9b2a0eadbef1fcbcbef0e4ec6df71cf63f4cdf7a94f807d7dafaf9850d5d58ee2a4bbd6ae57ce3e17041022040031334b1f613a74e3f53b312eac553757de1ccace66e596d9658a17a2c13efc84a60ab9fea3b6f2debed2b2d9542ab6a6c774ee103ee35691563b63370eaa74e2f9da8e9bf7b7949d55270dbbd86473ba66f7d7eaeb412bd7e7e43ef5ed9d2663755b514a814595e944180062621387713a7ee20d3d166495f7a6a469f3d3db36bc58409763c82f4c595aebefdf6b2aeacf5542b072a8796b20edc5560a45eead4ee653a3157d66fbfb4a033472a8ceb311ad752fe8dde9b1737f4d38f37747db3af4a1ca8429006011a18d3e0dc77eaa5994ece96f5e5a7e7f4c2c9faae07bcc4043b8e93ed2f3ed9d00fde5fd5562f53bd122ab62248e3b6e03c7052ab9baa5109f4b5e7e6f5f9276678291ec3b17deb73f6bdcb2dbdf6d19a2eaff7540e03554a046910a08183bd798b1fba832238cf94f5f5e7e7f5d4d19dfa66574cacccade31da49d97beffdeb27e7e7e4349e6552f850a09d2046723a52e2ffb8902a32f9c9dd1375e58d86e3149701ed3b15d7c36a3ad403fbeded6dfbebfaacb1b45908ead44e91608d0c0e39f587b695ee37c7c360fce4f8f046726d6c90cd2dd81d3f7df5bd69b97b694398234c13955608d3e7baaa16fbcb090872ec6f7c48e6f49faa808d257d77baa9628dd02011a783c37ecf64109a966aa91befedcbc3e7bba41709ef449b6f8617ba3612fd5f7df5fd5bb57b694645e8d52d11e8b93580eefd896644dde6e72ab58717ef14443df787e5ef572b83dbee9cb7e3882f49b17b7f4b7bf5ad5462751b31c72d01208d0c0a360257923b5bba9bc35faca5373fafa0bf304e74318a4cd480bb2562fd50f7eb5aab72e6f69907ad54a56a5c0d21eeb908d6d63a47ee6d4ee3bc5a1d5cb271bfadaf373aa97c2ed1bc3139c0f6590fedbf756f5e38fd7649c57ad12ca30b6418006f6c7f6cefb7ea66796aafadd5797345b8908ce877d92d54e90ee0e9cfefedcaadef8644b5bfd5495a8688fc5e967931b9c8b15c77ee2d44d3235caa15e3dd3d0979e9c53250e7682b318e3873d48af7713fdf52f6fe8c31b1dd528eb00011ad8871bd4e43befe3c8eab73fb3b853aec141095333c94abb371bfef4dcba5e3fb7a9d5765fe1c8e967de7956aec63d344b3223a782a6a9d77cada4cf3dd9d4979e9cddb5395004e72919e43bcff2372f6ee93befdcd42071aa57424a3a4080061e2638a7ce6bab9bea85130dfdc1ab47558acc6d2b17989e3956b77ceee7973bfae947eb3a77b3abd47b5522cbaaf4b806e7d1d5e68153688d9e3c5ad1979e9cd5d985eaee17264a35a6f2457938b6fb89d75ffdf2badebbb2a546a5783926a580000ddcc7646ba4f6c0c97bafdf7d7941af9cc9fbbdba5bda2281202d491bdd546f5ed8d4db9737b5d24a145aa36a1c2a0cf23046983eb8d02c2fa599d419a44a33afc566499f3955d7674f36d5ac860467ec32fa8c7fe3c286fefaad651963548b2d7da3418006ee159e373aa98e3462fd0f5f3aa623f5783b3831b9625798dee39b88f3cb1dbd75694b1fdfe8a8d54b158746e590307d10a1b997a61aa45ef572a8678ed6f49993f55dabcd77fa0cc14bf2f09658690df4ef7e7a4d2b5b03cd5443423408d0c09dac7712bd74a2a17ff4a563b7ad4800770ad2d2ee20e6bcf4abab2dbd71715357d77beaf43345815139cac3b4319277ecf6ffd4815992b1f9f5ce32a997a44a32af6a29d0f1d9b25e39ddd473c7ebbbc6b02b3688129c7137a3cffefff0d36b7afbca56be799cfb060468a0b8092565de6bb39bea9b2f2ee8abcfce6d072326597cda30ddcfbc3eb8d2d2bb57b67465a3af6e3f958c5139b48a439baf9a4a1281fabe02b38aebe59c34489d7a695e6e552f853a3157d2f3c71a7af6445da5c0dcf57301ee673c0fef991f7db0a6efbebbac662554600c271882008d29bf018d94644e9d81d33ffcfc51bd7432efb241c9063ed5c4ab9d15acd1fbc879e9d24a47ef5d6debdc72479b9d4489f38a8c511c59458155608b5a6b0275be02585cc3cce56375903825de2bb246cd6aa4a797aa7aee684da78e5477ad34dfe933001e742c0fef9fb72f6fe92f7f715dd5381fab6c2ec4410ab90438d0f09c3af533af3ffdf5137a7269a73e9209179feade52de3f7c38010f67616ba4330b559d296a71b7baa9ce2d77f5e1d5966eb6fadae8a64a9d57608c4a232bd466e4d739ac7598a361d92b5f61ee254efdd429f35ea1359aa9843a3d57d1b3c7eb3abb5051a312de167634b221306020631fc6f2d04b271baa4681feed4faf4ade290a09d138c07b9315681c5478eea74e69e6f53f7ee5844ece575875c623b71df0b47739c15a3bd1b9e58eaeadf57575a3aff5ce40fdc4c9ca2808a428b00a439baf3c8c066be535d5e3fe3035ca6b96f33fb6f2c5327b2a294d9d92cc29cb2427af526035578f7574a6a41373259d5da86aae16dd7e4dfdce2fcef8c5a31ebf46d2e5d5aefeec875714474631211a04684c53784e52af41e6f44fbf7a4a27e64a84671ccc845c1c1b7ca73283763fd3f5f5beae6df6746d63a0b5565f1b9d4c8973ca9c97955118484151fa115abbbd92ab917b7afb215b84ecfd7ee86eff96f60ebf6fb1729eba3c2067ce292d8272608d226b35530d34572fe9f84c4947674b3ad62ca95a0af60c31ceef1cc10d1c4c88eeebcf7e7c49a5c02a0ae9150d02340efb0d2729c9bc7a69a67ff6d593ac3c633c03f55dc2619279adb607bab935d0ea56a295d640eb9d44dd7ea66e9a69901411d918199faff886d6c81a9307752bd922e96e6f60d4ee0d7a77744b5df6b02d9f93cbbb8a78c979afd4f97c45dc68bbc9721c1955a2409538d06c35d2917aac238d488b8d5873b558d11dea2deee79a000711a22fad76f5673fbaac721428b26c2c04011a8798f35ead5eaa7ffceb27f4ecd11ae1191313a8751f01b2d34fd51e386d76526d76136d7613b5fa4ebd245567e0d4ed671a645e99f3727ef85fc98ffc3cfc7d773da8872bdac3105efc9c8772a3c01a9503a352295035b62a47a1ea25ab6635d24c3552a31caa165b554be13dff7d8b9c4e60c64484e80faeb7f56f7f72458d7228cb0d8bc7884d8478ac36bba9fef0f3c708cf988c150623057b4cdc1a0dd623e51fd552a86a495a6cc4f79cfc074911a68b409d38af34f3c58be64841b5916c51b81c064691cd03731018c581511c050f3c8e866518bae5df61983f023e7a8cfbd82ceee3678fd6f407af1ed35fbd7e4d33d5880b0302340e5f10596d25fac68b47f4cae906e119133d71eb2ec17ac8157fd616e9d4dcf26b94a240a54730dfef04fc7c94d95bfee187f5d274c8c06109d1af9c6968a397e8fbefae68be1e510f0d02340e076ba4f54eaa974e36f4f5e7e6774208700883f55070973bdddff607bb39edde0868effa9bde1ecef380cf28c3948c3b495f7f6e5e2b9b03bd77b5a5598efdc6e3c8365c023cd2879b91da03a78546497f541ccfcdea0098f4774a26f6fa6f50f4acb6c51fdfe9af33bc8c02db73ca1f7de998161ab1da0347fd3e08d098ec9090382779af3ff9f24e78e6c10600d8b7b9c6ec84e83ff9f271c97b25cef17209023426f7a1b6d5cdf4079f3baa662592233c03001ed17ce3bcd4ac44fa83cf1dd5563763be01011a1378631969ad93ea8b6767f4c289faf69f0300e051cd3b92f4c289babe7876466b9d94790704684cd64a4077e0345f0bf5fbaf2c49a2ee1900f0e80de79adf7f6549f3b5505deaa14180c6243dc0fa89d33ffcfcf1edffcd030c00f0a88dd643ffc3cf1f573f719c5008023426e08632d24637d5af3f3bab1373a5e189c600003cb6102d2f9d982be9d79f99d54627651e02011ae31d9ebb495ebaf1db2f2e48923c0f2d00c063369c7b7efb330b9aaf85ea258e7a6810a031a60f2c49dd24d3ef8dd43df3bc02003c6e463ba51cbff7ca927a4946290708d018c3879591b6baa95e3ed9d4d985eaf69f0300e0a0e625493abb50d54b279bdaea52ca010234c64cea9c82c0e8775f2e4a3778d507001cb0e15cf40f5e5e501018a5ce71514080c6f8bce5b77a4ebff1ecbcca7140d70d00c0d8cc4fde4b9538d06f3c33af568fb6762040634c6ea07ee234570bf5d567e68a2716d70500302e293affe9abcfce69be16aa9f38c20f08d038f807536790e9b75ed829dd203f0300c6293f0f4b39bef1c2823a838c890a04681ceccdd319381d9b2debc5e2b86ebe1a03008c5d882ee6a6174fd4756ca6ac0eabd02040e3205feb7b49a66fbe7844121b070100e36b38477df333f3eab10a0d02340ee4c63152a7eff4c4918a9e5ca46d1d0060bc0de7a827176b3a7da4a24e9fc3554080c6e37e9397d44b33fdc6f3f392a48cd56700c0981bce555f7f7e5ebd94c3554080c6e3bc698cd4ed3b9d9aafe8c9e2d09480b77800c0980b460e573935575197556810a0f1b87849fd34d3d79ecddbd651fb0c00989839ac98b37ef33956a14180c663bc61fa89d352b3aca78fd62451fb0c00981cc339eba9a3551d6d96e90b0d02341ecf83a79364fad2534d4992e3d51d0030618673d7af3fd55427c9580802011a8f563f719a2d877af5ccccae3779000026c570eefaec9919cd96f3d3090102341e89c04aed81d32b4578e6d44100c0440668edd442bf726646ed8153402202011a8f429a497164f4c52767b918008043e18b4fce2a8e8cd28c6b010234f6fb46b152bb9feae9a5ba2ab1cd579f597e06004c2863f255e84a6cf5f4525ded7e2a4b2a02011afbc97b29f35ebff6d42c17030070a8fcda93b3cabca72d2b08d0d8c79bc44add81d3b1665927e74adb6fee00004cb2e15c7672bea463cdb2ba0907ab80008dfd7ac048ea27995e3edd9044eb3a00c0e1315c757ef97443fd7ec6e67810a0b13fd24c2a45815e3d3db31da80100384c5e3d3da3521c28a5a31d08d0f8d43748b179f0c9a5aae2c8b079100070a80c3713c691d1934b55361382008d7d78b07829755eaf9e6a7231000087daaba71a4a9d97a1541104687c1afdcc69b612e9a9a3d52251734d0000874c31b73d75b4a6994aa87e461d0708d078d89bc34a9d81d373c76a92f2cd83e46700c061cccfc30df2cf1eaba93370947180008d87e39d242f7da628df203c03000e738896a4974fcdc8fb620e0408d078d01ba39f3acdd7639da0f73300e0b007e8628e3b3157d2917aac7eea08492040e3011f2456ea0d9c9e296a9f399d090070d80de7ba678e56d51b3819521208d07810cee577c74b271b5c0c00c05479e96443b2c55c0810a071bf37453f759aaf853a3a43f90600603a0ce7baa33325cdd742ca384080c683dd15bdd4e9a9c5bcfb06e51b008069319cf39e5eaca9973a921208d0b8ff8787f75e2f9ca84b92f8060b00302d8673def327eaf2deb388040234ee4f9239cd94239d9aafe43709e51b008029111473dea9f98a66ca91120e5501011af77c7014dd374e2fe6e1d973780a0060ca0c579dcf2c56d41b3805a42510a071af8746eabc9e3b4af90600603a0de7be678fd6953aca384080c63da45eaac481ce2e55b9410000531d8ece2e55558903a5046810a071c79bc14afd81d3b199924a451118edeb0000d36638f79502a3633325f5074e96c4040234f67c60c86830d2be2ee38d1b0030a58673e0938b350d52c77e2010a0b137e7bcac959e5aaa707300000848929e5eaac8722a2108d0b8d38d90a44eb3d5508b4d4e1f04004cb7e11cb8d82ca9590d95702a2108d0d8eb4ee8a54e276677dad7010030cd8673e1a9d90aa71282008d3ddeb495b7af7b7231efbec13755008069379c0b9f5cac2a759e3a6810a0b15be6a4c85a9d59a4fe190080d1b9f0cc624591b5e2504210a0b1eb2618a44e73f550cd722889fa670000867361b31c6aae116a401d3408d0d87e4058a99f3a9d9aa7fe19008051db75d07315f55327437202011a92e42565ceebf47c958b0100c01e9e58a82a735eac3181000d49796fcbc81a9d3a52e6620000b08793736545d6d20f1a0468ecf47f9ea9c59aa950ff0c00c0a8ed3ae84aa8d95a441d3408d0c8ef807eea747c263f3c85fa670000761bce8dc7664a1ad00f1a0468184969e6757a212fdfe09b290000761bce8da717ca4a33fa4183003df5322785a1d1130b556e080000ee12969e98af2ab0867ed0202f4dfb879f664e8d52a8b96a2489fa6700006e359c1be7ea919a955069461d34190a53fde90f32a7a5462c89fa670000ee6438472e36620d32eaa0895098de376a49492a9d3c52e1620000701f4e1ea92849451d34011a53fd366dbc4ece11a00100b8af003d57928ce75b5b0234a655eaa55264b5d4cceb9f799d0600e00e8a39f258b3a452649512a009d098ce0f3e499d662bb14a51407e0600e0def959711468b6122be540150234a6f04160a541ea747c9603540000b81fc3b9f2f86c49fdd4c990a208d098b28780a4ccfbbc964b1ca00200c0bd0ce7ca93732565de8bb5270234a630415b63747cb6c28d0000c00384a6e3b31559634482e65ec0944932a75a1ce8483def014d01340000f750cc9547eab16a71a084230909d098a20fdd4a6926cd5422594b7e0600e001f2b3accde7d0d4697b1e05011a5320499d8eb28110008007329c338fce9694a4ac4013a031556fd0a9bc8ecf9425498e222e0000eecb70ce3c3e5356ea3ddfe012a0313583df498131db2dec2cc31f0080fb0c4ef99c796cb6a4c0183916a109d0980e9993ca91d591061b0801007820c59cb9d088558eacd8474880c6347ce036efc031578d650df919008087c8cfb2469aabc64a32c746420234a64192392d36f3d56736100200f0608673e791664c2b3b0234a6e5cd397379ed96c4098400003ca8e1dc7962b6a4ccf14d2e011a87ffadb948d14b45fd33370000000f179e961ab1c4818404681c7e692a954236100200f0d086271236629542ab34e59210a071a83feccc3935ca81ca51407e0600e0e1f3b3ca51a0463950e61c818a008dc3fc690f32a7850627100200f0690ce7d085464983cc91a808d038cc6fcc9993168bf20d36100200f0708673e86223662321011a87fa6d5992f75ec7e64a7cf80000ec43803a365792f79e8d8404681cdab765270581d5422de6620000b00f166ab182c072a437011a879191943aa9165bcdd6a29d3f0900001e6e6295345b8b548bad52ca3808d03884e3dc4a69e6d42847b78e7d0000f070f95992d428474a332743aa2240e3f04933a7258ef00600605f0ce7d2a5995829477a13a07138df9433272dce0c3b7090a00100f8348673e952934e1c04681cceb7e422452f35cac507cf300700e0d385a87c2e5d6c9439d29b008d43f996eca4c81a2d34422e060000fb68a1112bb2864e1c04681cb60f39cd9ceae54095b808d02c400300f0e914736925b66a9603a519477a13a071a83ee524f39a2bfa3f7bf2330000fb929f87651b33b55849e6495604681c2689f35a6ae6271052a40500c03e1976e268c64a1c132c011a87ea0d39cbbc8e6d77e0000000fb6138a71e9d2dcb659e6f7809d038342fc74e0a03a3238d980f1d00804710a416eab182808d8404681c1aa9934a91d57cbd28e1e0f5180080fd51cca947ea914a9115e7a910a071183e602ba5cea9510e145af23300008f203f2bb0468d72a0d43959d215011a932fc99ce66bf9ea33db1b0000d85fc3b975a15e52c21234011a87e3cd38cba48566b18190040d00c0be1aceadf3758ef42640e3d0bc157b792db181100080471aa68e366379eff9b697008d890fd05eb2325a2c023400007834161ab1ac31f224680234265b9a49d572a0996a11a0f95e090080fd55ccad33d558e552a034e39210a031b91fae95d2cca9560a15d08103008047999f1558a9510a956674e2204063a2a5ce69a1194aa2030700008fca76278e66ac94d35408d098e43762ab249316eb654992a3280b0080476238c72ed66325593e0783008d897c1b7632f2231b0829e00000e0d1c8e7d8c5462c232f2f56a109d098ccb76127596374a4490b3b00001e47a03ad2cc3b7150c54180c60407e8526c355389465f8e0100c07e1b76e2a8442ac596004d80c6447eb0564a9c53a31cc91af23300008f213fcb1aa9518e94383a7110a03191d2cc69a61a48124ddd010078c48673ed4c35509ab1044d80c644cabc74a456e2420000f0181da99594b1704580c6e431925ce6b55074e0e03d180080476b38d72e3462b9cc533a4980c6a4f1928c95e66b74e00000e07186aaf95a2c6339c08c008d899339290ead666b1117030080c768b616290ead2883264063c23ed4cc49e53050ad947fc486ef91000078a486736dad64550e03658ea04580c6447daa69e634c3ea3300000762a616e59d38485a04684cc81bb0a424739aaf869268610700c0e3329c73e7aba192ccb19190008d49e29c3457a7030700008f75fe2d7e9eabc59c464880c644bdfd163fd281030080830956f3f54892a71307011a9395a08de66a21d70200800330578b25197ad911a03129522f9522a34699000d00c0416894039522a394004d80c6647ca0ce3995a3409538c8ff243b180000783c8a39b712072a47819c73842d023426e113cd32a95e0a6f1dcb0000e0f1e4674952b5142acb485b04684c84d4b9ed130869610700c0e3b5ddcaae1629f5b4e220406322de7cd34c9aab73880a00000769ae1a294df92698008df17feb95e48dd76c250fd08eedbf00003c56c3b977b616c91be6610234264220a3f9a2859de5bd170080c71caef2b977ae162a9061298b008db17feb75923566bb061a00001c8cb95a246b0c271212a031ee32279523ab6a5c74e160011a0080c76bbb955da872649511a009d018e30fd3e43da0abe550c6909f010038c0fc2c6ba46a39cc7b41332113a031be233675522de6630500601c5463abd489152d0234c659e69cea95bc7c831ed000001c8ce11cdca884ca2882264063bc399f376e070000076fbe16c9b1a04580c6f8329232e7d5ac0e7b4003008083309c839bd54899f3547010a031aebc2463a56639e2c30500600c0256b31cc958d10b9a008db17ddb7552141835ca011703008031d028058a027a4113a031d6013ab4568d0a3da001003850c51cdca8860aad254013a031ae1fa4f34ee5d02a2c9a4d929f010038d0fcacd01a95432be71da18b008d71fc2433a79dd56700003016f25676a42e0234c652ea9c6aa5a207349703008003359c8b6ba55029351c04688c1fa3bc06ba56ca37103a4e510100e0400dfb3fd74a819ca3b492008df11ca8929a4509876198020070a0863371a312723603011ae3c84b92f7db019af5670000c6606e2e02b4f19eb999008d711da80d0e51010060ac4256b31cb1024d80c6b8a6676bcc760d340000180ff552206b0c5f0f13a0316e9c97e2d0a81cf3910200304ecab1551c9aed4d852040630c184999732a85569538d8f9930000e06027684995385029b4ca9c637a2640639cc6a7735214d8ed81c9000500602cf2b38cf2399a567604688cd9a79879a956a6fe19008071542d07ca3cc98b008db19239a74629efc0c1192a00008c87e19cdc2845ca388d90008df1e2bc542df3710200308e6ab165818b008d7162649539a916e787a8f07e0b00c07818cec9d572a0d4e5733608d01893e169bc57b934fc3879c50500603ce47372250e64fc68a406011a073f34cdce0ab4658f2f00006312b4f239b9560a25c371de04688cd707698c6a1ca20200c058aac6363f8d1004688c07e7f24fb25a0eb91800008c63802e87922de66c10a0311e02195563fa400300308e2a61a0c0b3024d80c6d8704e8a42a328280626e3130080f150ccc9a5c8288a0c2bd004688ccb079879a7ca486d15f9190080b1cacfb2c6a8125a65de11be08d018874fd039a91450be0100c0382b45c1f6be2510a071c09cf78a233e4a0000c6591c59ba4013a0314e01ba14e52bd01c130a00c07819cecda53090a3089a008df119981556a00100186b95d8b2d04580c6b870d2f60a340000184fa528a08483008d7160248915680000c65e25b292a75b16011a63c17ba95c1ce3cd9b2d0000e36538379729e12040637c3e42efbd2ac52984bcd50200305e867373250ae4bd277e11a071d0bc9cbc914aa12dfe37000018afb93a578aadbcc9e76e10a071905c7eba51b9d844c8070a00c07886ad3808f25383c9cf04681c787e5660a528a47803008071568a8c024b7e2640632c04d6a81cf251020030cecaa1556059f02240e3c0b9a28463bb0f34e3120080f152cccd51949770701821011ae3f0211af1460b00c0988bac9161ba2640e3e07939196334cccf8c4b0000c6cb706eb626ffd6982e1c04681cf087e77dfe460b0000c65f648dbc278011a071a0bca7030700001313a043c3698404681cf4a7e72485011f23000093200c6c5ec0c1d44d80c6c1f15e8a08d000004c8428b0ac4013a0310e013aa4061a0080c908d096120e02340e9cf34e7171880ae3110080f1349ca3a3d0ca79ba7010a071b0015a232bd024680000c63a4187d6d0c48e008d83648a041dd385030080b1360ccd716824c7b90d04681ce8c7e72585812906274bd000008c2353ccd14160886004688cc3fb6c606d31380100c058072f638b284d2107011a07fc560b0000262340730d08d0180bb4c30100603238169e09d0387846525ab4c3f1ac4503003096867374e6b3e28f886004681c68821ea49e0f13008009085cfdd44b46f2d44013a071506fb3923546bd41ba1da60100c0f831c51cddef679c204c80c6410b03a3f6c0919f01009800ed41266b0d879f11a071609c1458a9d54db91600004c80563f536069004080c641e667596bd54d9c7a834c120312008071339c9b3b8354dd2453682d0bd004681ca4d04afdd469b935d80ed50000607c0ce7e695ad5483d4d30b9a008d836624c94b9757fb7ca000008c71d8babcd6cde76e0234011a07cb4b8a43a3f3cbed91440d0000c6c530309fbfd9511c50be4180c681734e2a8581aeacf79564799b7606260000e36158ff3cc8bcae6df4550a2da71112a0310ea240ea2699debfd2da35580100c07878ef724b9d245314722d08d0188fb75b49e520d0cf3fd9c83f54ca380000180bc3f28d5f5c58573908e4597d2640633c382f554a5697d7babab8d2cb4335abd000001ca8e15c7c61a5a3ab6b3d554a966e5904688cd51baea45210e8bbef2eef7ae30500000734371773f177df5e551c06ecf3274063dc382f554b569756bbfa4551cae158850600e0601473f0cf3fd9d0e5b5aeaab1655e2640635c4374b312ea3b6f2f6bbd93c81a4a3900003888f958465aeb24faee5bcb6a5643c233011ae32cb046d618fdf98faf2873f9d747846800001e0feff3cdfca9f3fadf7f7445d61a05ecee274063fc076e25b6daea26fa573fb828ef09d100003c0eae9873332ffdabbfbda4ad5ea24a6c998309d0989401dc2887bab9d9d7ffef7b17d41d64db1b1918c30000ecafe1dc6a8dd41938fdaf7f7341cbadbe1a654a3708d098b8105d2f875a6ba7fa17dffb44e78bf676466c2e0400603fe7db6181c6f9e58efec5f7ce6bbd93aa4e7826406342df88bd542de74786fef90f2fe93befdcdc7e431efeff0000e0e1e6d8d139f5dbefdcd4bffed1657997cfbdccb1871b074a4ec1008f03aba86cf5da471bfaf05a47bff5e2113d7fbcbe53d6e1e91b0d00c0fdceabc6eccc9bef5f6de97befae68a59d68a61cb1ef88008d4333d825c94873d550dd41a67ffbf757757abea26fbc30afb30bd55d415a46347a0700e0d679f496e07c7eb9a3efbdb7aa4bab5dd5e3407345ab3ab2f37430fffcbf9de3b39e22d6e483bbdb774ab24c27e62bfaf5a766f5fcf1faaeb76b89556900c09407e73de6c3f7afb6f4938fd77569b5ab5210a852b2ec2f9a42ac404f99e100af96acbcacae6f0cf4effefeaa169a25bd7caaa1cf3dd154390a76fdf586300d0098a2d0ec952f380de7beee20d32f2f6ceaad4b5b5adeec2b0c03cd56a3ede04c769e3eac404fb9e18a743f71ea264e95c8eaa9a59a5e39d3d0d985eaaebf36f3f9ae53c23400e0b085662729b8657e3bbfdcd11b9f6ce9e39beded39b214b1e20c56a0a7def001500ead2a51a0c479bd77654b6f5fded462a3a4178ed7f5d2a986e66ad1f68365580b46bd3400606243f3e85c66a4e177af2bad44ef5cdad27bd75abab9d957688daaa550f35120ef3d2bce90c40a34f6606dfe36de4f9cba03a720908ecf96f5d2a9865e3c5e57250e76bdb5e77712611a003021a159bbbf4ded0c32bd77a5a5b72e6ee9da7a4fce4be5b8586d3692735c3b10a071bf415a92b14699f3ea0d9c7a49a6726c7566bea2cf9e69ead963f5edfe97a3619a120f00c05805e73de627e7a50faeb5f4e6854d7db2dad560e0548a029563abc01a79e7456ec69d50c2813b72c3278cf2a6f0b5b255eaa4732b1d7d70bdad7a39d4d985aa5e3addd0938bd55d0f26c23400605c42f368bbd68f6fb4f5f6a54d7db2d253ab972a0c8daa71a87a299057beda9c51e00c0234f6254c17afe14652a31c4a5e1a64d2bb57b6f4d6a54d352aa19e5eaae93327eb7a6281300d00188fd02ce59b01dfbddcd24737dadaeaa60a6c1e9ae76a916486a199eb87fb4709073e156b558469a7dec029f35eb3b548cf2cd5f4ea99a6969aa53d1f6ed44c03003e7560defee1f6459aeb9b7dfdf2934d7d74bdadf56ea2c0189563ab38b0dba1192040632cc2b4f752923975064e46d25c2dd6538b15bd70a2ae53f315c23400e09185e64bab5dbd73a5a5f337db5a6ba5f23e2f418c02360382008d710fd2928ccd1f54fd345f99f6c66bb612e9c9a5aa5e3851bfadc7f4dd1e880080290fcd7759701996679cbfd9d17a37913146e5d0aa14da7c61c789cd8020406342c3b49792c4a9973a39efd528873abb58d5674ee507b6dcfa40e4d016002034ef75b889bc746eb9a3b72f6fe9939b1d6df552d922344791cd0f08233483008dc314a63552e6d11d38792fd54a814ecc95f4ecd1869e3e5a51ad14def7ca0300e09004e6ed1f6e5f3c69f7527d74a3ab0fae6fe9d25a5f9d7e1e9a2bf14e798608cd788ce8c281c7c66dff20c5d62aae5ac94b69269dbbd9d1fbd7da8a03ab6333253d7db4a6678ed6b4d8886f7b90b23a0d008724348fac321b69d72ac9cdad813ebcd6d687d7dababed5d720738a03a372186aaebad33dc3fb918516e03161051a63c1e69ba2953aa93f70eaa74ed64af3b5584f1fade899a59a4ece571458b3e7c3d7b23a0d00e31f98b77fb87d1124735e1757bbfae8465b1f5fef6ab53d90735229b22a475641bee6c2464010a081bb85e9ed4d88a993735ed538d0f1d992ce2e56f5f4d1ba16ead19eab192a563108d40030be815992565b893ebcd1d62737dababad157ab9fc9da5b3601129a4180061e304c2bdf84e825a5a9d44f330d522f6ba5b94aa89347aa7afa685567172a2a47c16d7fffb0dc83400d008f2f30efb9f94f52e2bccedde8e8e3eb6d5d5ced69b53590f352141a95c3406190076d360182000dec67a0b6929191735efdd469903a65ceab12075a6cc43a315fd6d34b759d9c2b2bb0b73cd8bde4e4658b344da00680fd0acc5ed698db9eabde4b97d7bafaf846579757bbbab1d557a79f29b04631abcc2040030710a6873f7829f5d260e034704ede7bd5e2504bcd586717ab7a72a9aaa3b79c88b813a8d99008000f1e98effcecbcbed9d7b91b1d9d5feee8e6465fad8193f1525404e6305051a7c72a3308d0c0c107eaa276da179d3d86e51e4652b31aeae45c5967162a3a355fd16223de736270947c00c0de81f90ecfc59b9b035d5cedeae24a4f97d6badaeaa4f292e2d0a814060a82fcef65951987096dec70688c3e98ad956ae540f522142799d3afaeb5f4cea5966c20354aa18ecec63a7ba4aa53472a3a3a5392d1ed357bdb35d462951ac01404e691253533d25a6e7487c9f58dbe2eae74f5c94a47d7d707daeaa772ce2b0c8c4a91d54c2ddc1598bdcf9fa500011a98b0401d5babb862b7eba713e7f4f18d8e7e75b5236ba57a29d0d16649678f567566bea28546246bec6d819ab20f00872d308f3ed36e6b2d97792db707bab8dcd5f99b1d5ddbcc3b6578274581144756cd72286b8d7cb154ed08cc20400387244c6fffe0ef18a8cf2d77f4c18d8e8ccf57af171ab14ecd557462aea493f31595a3fcb4abd195985d651f846a00631e96878fc26139c6adcfb45ee27479b5abcbab7d5d5aebe8662b51b797c91b29b4794fe69991c0ec5dfe1ccc1c89190468608a03751e88d34cbab2d6d72737bb72f22a4556476ab18ecd967476a1aa137365352be19e651f74fb0070e061b9f861f82c1a5d5d1e0dcc1bdd4457d7fa3abfdcd1b5f5be56da03f51327abbc4b461cee519241600608d0c0ee405d4c3056aa95ad8c0279793927ad7512ddd8ecebe7e7371487362ffb98296b6926d6e9f9aa969a91ca5150ace8dce1c444b14a0de01104e65b4b31a4a27679e781d31d64bab995e8e26a47d73706bab1d1d3563f539238858151145a55a240b552fe7751c30c10a081070fd5232bd4925489ac2ab1ddfeff0689d387d75b7aefaae4fd8aca71a0d94aa0a3b3153d315fd1c9b9b2666bd1f6cacfadc7bcb04111c00307e591c7d2e86125b795977969bd9de8f25a4f9fac76757dbdaff54ea25e92c9189397630456b538902d07dbbfb8f374ca0008d0c07e066abf2b4fe75f6fc676a7759e9736ba9996b736f5cb0b1b0a8c51250e345f8f75ac11ebe4918a8e364b9a2f8e20dfeb94aed15524ca3f00c2b2eeb0b22ced0ecccb5b035ddf1ae8ea4a57d7b6065a6d0dd41d64cabc5768f2d5e538b2aa96ecf6eaf2b00f3381197870f48106f691353bc13773f97f0799539639a59957185ad562abf97aac9373259d9cafea482dd26c2dbaaf0994500d4c4758bedb585f6f275a690f7479a5abcbeb7dadb6066af732a5452bb920b08a03abc0e6e568dbbf36b33db06f588106f6d1adabd481956aa195f26d3cca9c57eadcf60645af3505c6a85e0975a41eebf86c59c7664b3a3e5b52a31ceed98355daa947245403931d96a5fcdba83b8df5ad5eaaabeb7d5d5debebca7a57abed44ed6eaacc7b19e52bcb5128d52ba182612b39edac2a67ac2e030468602243b5db356d2ab456715932b2db9b7452e77469b5a773373af2f20aad55bd1c68b111ebd85c59c79a251d69c49aabddabfca3e8fe21eaaa81b108cbdbf5ca23dd30ee1096d7da8956b606bab6d9d795b59e56b6066af532a5cedd1696b74f5edd159659620608d0c05484ea5cbc1daa77ba7e24cee9fc4a571fdeec28cbbce2d0aa12e5e51f4b33b1961a651d9f2be9483dce7bbaeed5fda3f8811210e01107e53b8cb59dd6713b23cf7969ad35d0e5b5beae6df474636ba0f5d640ddc469903a058151688de2d0a8560e646d40dd32408006705ba0defec1ef11aa7359b1527d6da3af0b2b5d39adcb1aa35a1ca85e0eb5d08c75ac59d26233d6d16659956283e35e2b5dbb362b12ac81070ecac3217b7bdbb8ddba03a7eb9b3ddddccc57969737076af552b507999cf70a8a95e530906aa540cd4ab0f3fb109601023480870dd52303d65ac5a1542bd9ed093671d27a27d1f2665f6fba2d592385d6a85e0e345f8bb53813ebc46c598b8d5873f578cfd3c77607eb9d3210823508ca7b975f48b79f4abad61ae8e6d64057d67bbab931d07a7ba0cd62739ff35264a530b40aadd56c3994f62cc3e0da03046800fb1fac6f9960032b45a195e27ca3e2b004a49f3a5d5cedeae3e58e9cf38a82fc54b14639d4423dd69166ac63cd5847eab1666ad148b0367b06eb619ea714048731288f7e23737b5036bbfefa8d76a29556bea2bcb29968b935d0562fd520754a32276b8d226b140646d55250d42befdee0b7d70b32000234800309d53b2520a5c0aa14ed2e01714edaec265a69f5955ec99371101855e34033d5488b8d580bf57cb3e24233ef0462ef7004f0d0ae8e20846b8c71481ecdacc1ce972c7b965e389f77c058deec6bad9d87e49b1b036df412750699b2cc4bc581245190af2ad74a81021bec8cc25d25186cf00308d000c63f548fa68582b55239b42acbeefaea38734ecb9b035d5deb297592355ed61a95a34033954873b5484bcd584b8d92e61a91662a51def35a7b7704190d2d9484e0f187e4e29e1b6ee4db4eca7b07e58d6ea2d5d6403736f2128cb5f640ebdd54fd2493735ecee741390cf25ae57a6977178cd197584a3000023480c318acf798e0039bb7c7aac816edf55cfe35b353112c7a7afb529e50c2c02a0a8daa51a0f97a1eaee76ab1161b25cdd542d5cba1a4d195bdbb9784481c698efb0cc977b96fee547231d4eaa55a6ba7bab9d5d75a7ba0b576a2d556a24e922949bdd2cc49da09ca51604782723e2624c9bbdd35cb0008d00008d61a5db6b656aa6c1f04b3131c9c93ba834c9f2ca7faf07a475e92f779abbd6a1ca8529484ccd522cdd742cdd7f2705d295905c6deb52444c3dfc77be5d165042bd887371c6fff307a177a5963b63ff3bb97123975fb4e6bed54abadbe563ba9d6da89363a79c945779069903a99e2d78b8a5671a1b58a4bdadd2a6e643c388a950110a0013c7cb0d6ae601d5aabd21e5f63a7ce69bde3f23aeb340fc2813532c6a8141935caf9d1e5c370dda884aa9722352b81ca5130ccc90aeeb11c7deb0115a3217be4278c4330be2d1cdf7ee08fb9e5430bf6f8147b49a6cd6ea6563fd166375f515e6b275a6f27daea251a245ece7ba5ce2b304661987fbb1258a91a07aa97777ed5d1367177bacf0180000d607f83f5f60fbb45d62a0e24999d583bba72bd516c62ccbce4b33c4c8541de0bb714e42730362b91e66b91666ba19a95488d72a85264552b85dbb5d7e62e5fd7efca6c235ffbe77d100c1b1ef72b18dfedda6aa4b4e2b6707cfb55775e6af753f513a7ad5eaacd6ea2f576aad576a2cd6ea2562f533f734a52a7342bdaca05790d7e185845d6aa56d676c70b0d7b5ef8fc658bb20b00046800631dacbcd79e4d07464b424633957752aa7c33e36adbe9c6665f5996ff05be28e58802a3726c558eac2a71a8996aa86639d26c3d50bd14a95e0a552f858aa3fcabf9ed5f7fd7d7fee6be42a1931fae8fca4bbbcb480e49f8de6b6578f4e5c814ff67feef6f6efbf77d906b9ba65efdccabdd4fd5eaa76a7513ad77326df6126d7452757aa9faa9532f754ad2fce631c6485e0a823c2007567989506865ecedffe8bb4b2ee8780180000de010b9d32aa0555e16923f95ecaed290e1df9739a9ddcbb4d1c97465b5abcce561ddd83c70591985a1c93b8dc4816ab155b31aa95e0e552f05aa95c27c03641caa141955a3fc7fdf1a0a834f118dfd1ef9cd6d47f19ddfe98ec1fc41aee548d0ddf9fdcdedbfee1e617faf95e1a14077f93f0b49ead54952f512afde20552ff5eaf653b5fa995ac50a72bbefd41b64ea0d5c7e9888bcbcf7f22e3f9424b0920dac4223599bd7cfdbf2ee7fc6db5ac20dffc50180000d00f70e4781cd4b444a7627646fc7c7919ebb8973ea759c565b5ed972574ef92a77e6bdac91026bb6ff1b0746e5385435b62a8581cab1551c1a95824095925539cc7f1e6e8ecc379f058a42b35d4e725b30357b05d2fd5fafbe9fa07b379997d2343f292fc9bcba832cdf70d777eaa5f9cffd2cdf7cd71b7875934cbd24556fe034c8bc32b7f35fef956ff8b3f98b41608dac35f967165b95862f0c56bb3fb791cfee6e2f5800408006804714b2f3456c9ba7cbdb361416edc846c276e69db6ba89d63b92734eceef94a07853d4f616ff3bb0464168149a9d006ead511858c5815129b48a22ab5290ff7f515884eda2e343149abc656050844b23595bacc61a2b63bcacc9cb158635dede1787e07827ef8d32eff223d79d5756fc9c645e8973ca52bf1d861397294dbd92e27f0f12a7419a07df3473dbc1d7b9fcefc98a40ace2e01c2f239357cfc818152f1e56d6e4d738b256a57034145bedf4ce1849c87e241cdfe3b303000234001c64c8deb30edbdd16b6035999edb03d5cd5cec3e0ad7ffb689dad57bed2ed33c90db23c28fa3ce86ab869adf82ddd769ef4f9c6bae21736237514dbe50a7b945b0ccb42764a1afc76b896f2a0effdf057d909b5563b2be2d6e4e1574518ce37f8d922e8ef5c8f517b5e0bb7fbd23a9231000234004c97bd373dde3d0c0e83a6d5f61f8cfebfb704d0dd7fb4dd1de2aee97fafdff4ce7f8bd9e3f790eeb295ceedfd5bed5d3e41300600023400ec1377df19d3efe36ff6087f0f00c07db15c0200000080000d00000010a001000000023400000040800600000008d000000000019a4b0000000010a001000000023400000040800600000008d000000000011a0000002040730900000000023400000040800600000008d000000000011a00000020400300000004682e0100000040800600000008d000000000011a00000020400300000004680000008000cd250000000008d000000000011a000000204003000000046800000080000d00000010a0b90400000000011a000000204003000000046800000080000d00000010a00100000002349700000000204003000000046800000080000d00000010a00100000002340000004080e61200000000046800000080000d00000010a001000000023400000040800600000008d05c02000000e0fefdff01b2debf1ea7c3d4980000000049454e44ae426082, 'ACTIVE', 254, 746, 1, NULL, 4, 'A', '2019-03-19 15:24:13');
INSERT INTO `entry` (`name`, `rpno`, `accno`, `image`, `status`, `total`, `week_usage`, `addcontrol`, `diff`, `week_balance`, `block`, `day`) VALUES
('KAVIRAJ', '123456', '1234', '', 'ACTIVE', 2000, 0, 1, NULL, 750, 'A', '2019-03-18 20:23:13'),
('SRUTHI', '235689', '12312312', '', 'ACTIVE', 2000, 0, 1, NULL, 750, 'A', '2019-03-18 20:50:36');

-- --------------------------------------------------------

--
-- Table structure for table `items`
--

CREATE TABLE `items` (
  `itcode` varchar(10) NOT NULL,
  `ItName` varchar(255) NOT NULL,
  `ItRate` int(150) NOT NULL,
  `06.03.2019` float NOT NULL,
  `07.03.2019` float NOT NULL,
  `13.03.2019` float NOT NULL,
  `16.03.2019` float NOT NULL,
  `17.03.2019` float NOT NULL,
  `19.03.2019` float NOT NULL
) ENGINE=InnoDB DEFAULT CHARSET=latin1;

--
-- Dumping data for table `items`
--

INSERT INTO `items` (`itcode`, `ItName`, `ItRate`, `06.03.2019`, `07.03.2019`, `13.03.2019`, `16.03.2019`, `17.03.2019`, `19.03.2019`) VALUES
('1', 'bajji', 5, 124, 0, 4, 2, 6, 2),
('2', 'chickenkulambu', 48, 0, 0, 0, 0, 1, 0),
('3', 'eggkulambu', 38, 2, 0, 0, 0, 0, 0),
('4', 'kaarakulambu', 38, 0, 0, 0, 0, 0, 0),
('5', 'lemonrice', 19, 0, 0, 0, 5, 0, 4),
('6', 'pongal', 19, 0, 0, 0, 4, 0, 0),
('7', 'ravakichadi', 19, 0, 2, 0, 0, 0, 0),
('8', 'sambarkulambu', 38, 0, 0, 0, 0, 0, 0),
('9', 'tamarindrice', 19, 0, 0, 0, 0, 0, 0),
('10', 'tea', 10, 107, 0, 6, 2, 5, 67),
('11', 'tomatorice', 19, 0, 0, 0, 0, 1, 0),
('12', 'vadai', 5, 0, 0, 0, 0, 0, 0),
('13', 'vegetablebriyani', 19, 0, 0, 0, 60, 0, 0);

--
-- Indexes for dumped tables
--

--
-- Indexes for table `entry`
--
ALTER TABLE `entry`
  ADD PRIMARY KEY (`rpno`);

--
-- Indexes for table `items`
--
ALTER TABLE `items`
  ADD PRIMARY KEY (`ItName`);

DELIMITER $$
--
-- Events
--
CREATE DEFINER=`root`@`localhost` EVENT `bupdate` ON SCHEDULE EVERY 1 DAY STARTS '2019-03-04 00:05:00' ON COMPLETION NOT PRESERVE ENABLE DO BEGIN

UPDATE entry
SET entry.week_balance=750
where entry.diff=0 and entry.total>=750;

UPDATE entry
SET entry.week_balance=entry.total
where entry.diff=0 and entry.total<750;

END$$

CREATE DEFINER=`root`@`localhost` EVENT `reset` ON SCHEDULE EVERY 1 MINUTE STARTS '2019-03-04 10:48:56' ON COMPLETION NOT PRESERVE ENABLE DO UPDATE entry
SET entry.diff=(SELECT MOD((SELECT DATEDIFF(DATE(now()),DATE(entry.day))),7))$$

DELIMITER ;
COMMIT;

/*!40101 SET CHARACTER_SET_CLIENT=@OLD_CHARACTER_SET_CLIENT */;
/*!40101 SET CHARACTER_SET_RESULTS=@OLD_CHARACTER_SET_RESULTS */;
/*!40101 SET COLLATION_CONNECTION=@OLD_COLLATION_CONNECTION */;
